[
  {
    "title": "A Light in the Attic",
    "price": "£51.77",
    "rating": "Three",
    "url": "http://books.toscrape.com/catalogue/page-1.html/a-light-in-the-attic_1000/index.html"
  },
  {
    "title": "Tipping the Velvet",
    "price": "£53.74",
    "rating": "One",
    "url": "http://books.toscrape.com/catalogue/page-1.html/tipping-the-velvet_999/index.html"
  },
  {
    "title": "Soumission",
    "price": "£50.10",
    "rating": "One",
    "url": "http://books.toscrape.com/catalogue/page-1.html/soumission_998/index.html"
  },
  {
    "title": "Sharp Objects",
    "price": "£47.82",
    "rating": "Four",
    "url": "http://books.toscrape.com/catalogue/page-1.html/sharp-objects_997/index.html"
  },
  {
    "title": "Sapiens: A Brief History of Humankind",
    "price": "£54.23",
    "rating": "Five",
    "url": "http://books.toscrape.com/catalogue/page-1.html/sapiens-a-brief-history-of-humankind_996/index.html"
  },
  {
    "title": "The Requiem Red",
    "price": "£22.65",
    "rating": "One",
    "url": "http://books.toscrape.com/catalogue/page-1.html/the-requiem-red_995/index.html"
  },
  {
    "title": "The Dirty Little Secrets of Getting Your Dream Job",
    "price": "£33.34",
    "rating": "Four",
    "url": "http://books.toscrape.com/catalogue/page-1.html/the-dirty-little-secrets-of-getting-your-dream-job_994/index.html"
  },
  {
    "title": "The Coming Woman: A Novel Based on the Life of the Infamous Feminist, Victoria Woodhull",
    "price": "£17.93",
    "rating": "Three",
    "url": "http://books.toscrape.com/catalogue/page-1.html/the-coming-woman-a-novel-based-on-the-life-of-the-infamous-feminist-victoria-woodhull_993/index.html"
  },
  {
    "title": "The Boys in the Boat: Nine Americans and Their Epic Quest for Gold at the 1936 Berlin Olympics",
    "price": "£22.60",
    "rating": "Four",
    "url": "http://books.toscrape.com/catalogue/page-1.html/the-boys-in-the-boat-nine-americans-and-their-epic-quest-for-gold-at-the-1936-berlin-olympics_992/index.html"
  },
  {
    "title": "The Black Maria",
    "price": "£52.15",
    "rating": "One",
    "url": "http://books.toscrape.com/catalogue/page-1.html/the-black-maria_991/index.html"
  },
  {
    "title": "Starving Hearts (Triangular Trade Trilogy, #1)",
    "price": "£13.99",
    "rating": "Two",
    "url": "http://books.toscrape.com/catalogue/page-1.html/starving-hearts-triangular-trade-trilogy-1_990/index.html"
  },
  {
    "title": "Shakespeare's Sonnets",
    "price": "£20.66",
    "rating": "Four",
    "url": "http://books.toscrape.com/catalogue/page-1.html/shakespeares-sonnets_989/index.html"
  },
  {
    "title": "Set Me Free",
    "price": "£17.46",
    "rating": "Five",
    "url": "http://books.toscrape.com/catalogue/page-1.html/set-me-free_988/index.html"
  },
  {
    "title": "Scott Pilgrim's Precious Little Life (Scott Pilgrim #1)",
    "price": "£52.29",
    "rating": "Five",
    "url": "http://books.toscrape.com/catalogue/page-1.html/scott-pilgrims-precious-little-life-scott-pilgrim-1_987/index.html"
  },
  {
    "title": "Rip it Up and Start Again",
    "price": "£35.02",
    "rating": "Five",
    "url": "http://books.toscrape.com/catalogue/page-1.html/rip-it-up-and-start-again_986/index.html"
  },
  {
    "title": "Our Band Could Be Your Life: Scenes from the American Indie Underground, 1981-1991",
    "price": "£57.25",
    "rating": "Three",
    "url": "http://books.toscrape.com/catalogue/page-1.html/our-band-could-be-your-life-scenes-from-the-american-indie-underground-1981-1991_985/index.html"
  },
  {
    "title": "Olio",
    "price": "£23.88",
    "rating": "One",
    "url": "http://books.toscrape.com/catalogue/page-1.html/olio_984/index.html"
  },
  {
    "title": "Mesaerion: The Best Science Fiction Stories 1800-1849",
    "price": "£37.59",
    "rating": "One",
    "url": "http://books.toscrape.com/catalogue/page-1.html/mesaerion-the-best-science-fiction-stories-1800-1849_983/index.html"
  },
  {
    "title": "Libertarianism for Beginners",
    "price": "£51.33",
    "rating": "Two",
    "url": "http://books.toscrape.com/catalogue/page-1.html/libertarianism-for-beginners_982/index.html"
  },
  {
    "title": "It's Only the Himalayas",
    "price": "£45.17",
    "rating": "Two",
    "url": "http://books.toscrape.com/catalogue/page-1.html/its-only-the-himalayas_981/index.html"
  },
  {
    "title": "In Her Wake",
    "price": "£12.84",
    "rating": "One",
    "url": "http://books.toscrape.com/catalogue/page-1.html/in-her-wake_980/index.html"
  },
  {
    "title": "How Music Works",
    "price": "£37.32",
    "rating": "Two",
    "url": "http://books.toscrape.com/catalogue/page-1.html/how-music-works_979/index.html"
  },
  {
    "title": "Foolproof Preserving: A Guide to Small Batch Jams, Jellies, Pickles, Condiments, and More: A Foolproof Guide to Making Small Batch Jams, Jellies, Pickles, Condiments, and More",
    "price": "£30.52",
    "rating": "Three",
    "url": "http://books.toscrape.com/catalogue/page-1.html/foolproof-preserving-a-guide-to-small-batch-jams-jellies-pickles-condiments-and-more-a-foolproof-guide-to-making-small-batch-jams-jellies-pickles-condiments-and-more_978/index.html"
  },
  {
    "title": "Chase Me (Paris Nights #2)",
    "price": "£25.27",
    "rating": "Five",
    "url": "http://books.toscrape.com/catalogue/page-1.html/chase-me-paris-nights-2_977/index.html"
  },
  {
    "title": "Black Dust",
    "price": "£34.53",
    "rating": "Five",
    "url": "http://books.toscrape.com/catalogue/page-1.html/black-dust_976/index.html"
  },
  {
    "title": "Birdsong: A Story in Pictures",
    "price": "£54.64",
    "rating": "Three",
    "url": "http://books.toscrape.com/catalogue/page-1.html/birdsong-a-story-in-pictures_975/index.html"
  },
  {
    "title": "America's Cradle of Quarterbacks: Western Pennsylvania's Football Factory from Johnny Unitas to Joe Montana",
    "price": "£22.50",
    "rating": "Three",
    "url": "http://books.toscrape.com/catalogue/page-1.html/americas-cradle-of-quarterbacks-western-pennsylvanias-football-factory-from-johnny-unitas-to-joe-montana_974/index.html"
  },
  {
    "title": "Aladdin and His Wonderful Lamp",
    "price": "£53.13",
    "rating": "Three",
    "url": "http://books.toscrape.com/catalogue/page-1.html/aladdin-and-his-wonderful-lamp_973/index.html"
  },
  {
    "title": "Worlds Elsewhere: Journeys Around Shakespeare’s Globe",
    "price": "£40.30",
    "rating": "Five",
    "url": "http://books.toscrape.com/catalogue/page-1.html/worlds-elsewhere-journeys-around-shakespeares-globe_972/index.html"
  },
  {
    "title": "Wall and Piece",
    "price": "£44.18",
    "rating": "Four",
    "url": "http://books.toscrape.com/catalogue/page-1.html/wall-and-piece_971/index.html"
  },
  {
    "title": "The Four Agreements: A Practical Guide to Personal Freedom",
    "price": "£17.66",
    "rating": "Five",
    "url": "http://books.toscrape.com/catalogue/page-1.html/the-four-agreements-a-practical-guide-to-personal-freedom_970/index.html"
  },
  {
    "title": "The Five Love Languages: How to Express Heartfelt Commitment to Your Mate",
    "price": "£31.05",
    "rating": "Three",
    "url": "http://books.toscrape.com/catalogue/page-1.html/the-five-love-languages-how-to-express-heartfelt-commitment-to-your-mate_969/index.html"
  },
  {
    "title": "The Elephant Tree",
    "price": "£23.82",
    "rating": "Five",
    "url": "http://books.toscrape.com/catalogue/page-1.html/the-elephant-tree_968/index.html"
  },
  {
    "title": "The Bear and the Piano",
    "price": "£36.89",
    "rating": "One",
    "url": "http://books.toscrape.com/catalogue/page-1.html/the-bear-and-the-piano_967/index.html"
  },
  {
    "title": "Sophie's World",
    "price": "£15.94",
    "rating": "Five",
    "url": "http://books.toscrape.com/catalogue/page-1.html/sophies-world_966/index.html"
  },
  {
    "title": "Penny Maybe",
    "price": "£33.29",
    "rating": "Three",
    "url": "http://books.toscrape.com/catalogue/page-1.html/penny-maybe_965/index.html"
  },
  {
    "title": "Maude (1883-1993):She Grew Up with the country",
    "price": "£18.02",
    "rating": "Two",
    "url": "http://books.toscrape.com/catalogue/page-1.html/maude-1883-1993she-grew-up-with-the-country_964/index.html"
  },
  {
    "title": "In a Dark, Dark Wood",
    "price": "£19.63",
    "rating": "One",
    "url": "http://books.toscrape.com/catalogue/page-1.html/in-a-dark-dark-wood_963/index.html"
  },
  {
    "title": "Behind Closed Doors",
    "price": "£52.22",
    "rating": "Four",
    "url": "http://books.toscrape.com/catalogue/page-1.html/behind-closed-doors_962/index.html"
  },
  {
    "title": "You can't bury them all: Poems",
    "price": "£33.63",
    "rating": "Two",
    "url": "http://books.toscrape.com/catalogue/page-1.html/you-cant-bury-them-all-poems_961/index.html"
  },
  {
    "title": "Slow States of Collapse: Poems",
    "price": "£57.31",
    "rating": "Three",
    "url": "http://books.toscrape.com/catalogue/page-1.html/slow-states-of-collapse-poems_960/index.html"
  },
  {
    "title": "Reasons to Stay Alive",
    "price": "£26.41",
    "rating": "Two",
    "url": "http://books.toscrape.com/catalogue/page-1.html/reasons-to-stay-alive_959/index.html"
  },
  {
    "title": "Private Paris (Private #10)",
    "price": "£47.61",
    "rating": "Five",
    "url": "http://books.toscrape.com/catalogue/page-1.html/private-paris-private-10_958/index.html"
  },
  {
    "title": "#HigherSelfie: Wake Up Your Life. Free Your Soul. Find Your Tribe.",
    "price": "£23.11",
    "rating": "Five",
    "url": "http://books.toscrape.com/catalogue/page-1.html/higherselfie-wake-up-your-life-free-your-soul-find-your-tribe_957/index.html"
  },
  {
    "title": "Without Borders (Wanderlove #1)",
    "price": "£45.07",
    "rating": "Two",
    "url": "http://books.toscrape.com/catalogue/page-1.html/without-borders-wanderlove-1_956/index.html"
  },
  {
    "title": "When We Collided",
    "price": "£31.77",
    "rating": "One",
    "url": "http://books.toscrape.com/catalogue/page-1.html/when-we-collided_955/index.html"
  },
  {
    "title": "We Love You, Charlie Freeman",
    "price": "£50.27",
    "rating": "Five",
    "url": "http://books.toscrape.com/catalogue/page-1.html/we-love-you-charlie-freeman_954/index.html"
  },
  {
    "title": "Untitled Collection: Sabbath Poems 2014",
    "price": "£14.27",
    "rating": "Four",
    "url": "http://books.toscrape.com/catalogue/page-1.html/untitled-collection-sabbath-poems-2014_953/index.html"
  },
  {
    "title": "Unseen City: The Majesty of Pigeons, the Discreet Charm of Snails \u0026 Other Wonders of the Urban Wilderness",
    "price": "£44.18",
    "rating": "Four",
    "url": "http://books.toscrape.com/catalogue/page-1.html/unseen-city-the-majesty-of-pigeons-the-discreet-charm-of-snails-other-wonders-of-the-urban-wilderness_952/index.html"
  },
  {
    "title": "Unicorn Tracks",
    "price": "£18.78",
    "rating": "Three",
    "url": "http://books.toscrape.com/catalogue/page-1.html/unicorn-tracks_951/index.html"
  },
  {
    "title": "Unbound: How Eight Technologies Made Us Human, Transformed Society, and Brought Our World to the Brink",
    "price": "£25.52",
    "rating": "One",
    "url": "http://books.toscrape.com/catalogue/page-1.html/unbound-how-eight-technologies-made-us-human-transformed-society-and-brought-our-world-to-the-brink_950/index.html"
  },
  {
    "title": "Tsubasa: WoRLD CHRoNiCLE 2 (Tsubasa WoRLD CHRoNiCLE #2)",
    "price": "£16.28",
    "rating": "One",
    "url": "http://books.toscrape.com/catalogue/page-1.html/tsubasa-world-chronicle-2-tsubasa-world-chronicle-2_949/index.html"
  },
  {
    "title": "Throwing Rocks at the Google Bus: How Growth Became the Enemy of Prosperity",
    "price": "£31.12",
    "rating": "Three",
    "url": "http://books.toscrape.com/catalogue/page-1.html/throwing-rocks-at-the-google-bus-how-growth-became-the-enemy-of-prosperity_948/index.html"
  },
  {
    "title": "This One Summer",
    "price": "£19.49",
    "rating": "Four",
    "url": "http://books.toscrape.com/catalogue/page-1.html/this-one-summer_947/index.html"
  },
  {
    "title": "Thirst",
    "price": "£17.27",
    "rating": "Five",
    "url": "http://books.toscrape.com/catalogue/page-1.html/thirst_946/index.html"
  },
  {
    "title": "The Torch Is Passed: A Harding Family Story",
    "price": "£19.09",
    "rating": "One",
    "url": "http://books.toscrape.com/catalogue/page-1.html/the-torch-is-passed-a-harding-family-story_945/index.html"
  },
  {
    "title": "The Secret of Dreadwillow Carse",
    "price": "£56.13",
    "rating": "One",
    "url": "http://books.toscrape.com/catalogue/page-1.html/the-secret-of-dreadwillow-carse_944/index.html"
  },
  {
    "title": "The Pioneer Woman Cooks: Dinnertime: Comfort Classics, Freezer Food, 16-Minute Meals, and Other Delicious Ways to Solve Supper!",
    "price": "£56.41",
    "rating": "One",
    "url": "http://books.toscrape.com/catalogue/page-1.html/the-pioneer-woman-cooks-dinnertime-comfort-classics-freezer-food-16-minute-meals-and-other-delicious-ways-to-solve-supper_943/index.html"
  },
  {
    "title": "The Past Never Ends",
    "price": "£56.50",
    "rating": "Four",
    "url": "http://books.toscrape.com/catalogue/page-1.html/the-past-never-ends_942/index.html"
  },
  {
    "title": "The Natural History of Us (The Fine Art of Pretending #2)",
    "price": "£45.22",
    "rating": "Three",
    "url": "http://books.toscrape.com/catalogue/page-1.html/the-natural-history-of-us-the-fine-art-of-pretending-2_941/index.html"
  },
  {
    "title": "The Nameless City (The Nameless City #1)",
    "price": "£38.16",
    "rating": "Four",
    "url": "http://books.toscrape.com/catalogue/page-1.html/the-nameless-city-the-nameless-city-1_940/index.html"
  },
  {
    "title": "The Murder That Never Was (Forensic Instincts #5)",
    "price": "£54.11",
    "rating": "Three",
    "url": "http://books.toscrape.com/catalogue/page-1.html/the-murder-that-never-was-forensic-instincts-5_939/index.html"
  },
  {
    "title": "The Most Perfect Thing: Inside (and Outside) a Bird's Egg",
    "price": "£42.96",
    "rating": "Four",
    "url": "http://books.toscrape.com/catalogue/page-1.html/the-most-perfect-thing-inside-and-outside-a-birds-egg_938/index.html"
  },
  {
    "title": "The Mindfulness and Acceptance Workbook for Anxiety: A Guide to Breaking Free from Anxiety, Phobias, and Worry Using Acceptance and Commitment Therapy",
    "price": "£23.89",
    "rating": "Four",
    "url": "http://books.toscrape.com/catalogue/page-1.html/the-mindfulness-and-acceptance-workbook-for-anxiety-a-guide-to-breaking-free-from-anxiety-phobias-and-worry-using-acceptance-and-commitment-therapy_937/index.html"
  },
  {
    "title": "The Life-Changing Magic of Tidying Up: The Japanese Art of Decluttering and Organizing",
    "price": "£16.77",
    "rating": "Three",
    "url": "http://books.toscrape.com/catalogue/page-1.html/the-life-changing-magic-of-tidying-up-the-japanese-art-of-decluttering-and-organizing_936/index.html"
  },
  {
    "title": "The Inefficiency Assassin: Time Management Tactics for Working Smarter, Not Longer",
    "price": "£20.59",
    "rating": "Five",
    "url": "http://books.toscrape.com/catalogue/page-1.html/the-inefficiency-assassin-time-management-tactics-for-working-smarter-not-longer_935/index.html"
  },
  {
    "title": "The Gutsy Girl: Escapades for Your Life of Epic Adventure",
    "price": "£37.13",
    "rating": "One",
    "url": "http://books.toscrape.com/catalogue/page-1.html/the-gutsy-girl-escapades-for-your-life-of-epic-adventure_934/index.html"
  },
  {
    "title": "The Electric Pencil: Drawings from Inside State Hospital No. 3",
    "price": "£56.06",
    "rating": "One",
    "url": "http://books.toscrape.com/catalogue/page-1.html/the-electric-pencil-drawings-from-inside-state-hospital-no-3_933/index.html"
  },
  {
    "title": "The Death of Humanity: and the Case for Life",
    "price": "£58.11",
    "rating": "Four",
    "url": "http://books.toscrape.com/catalogue/page-1.html/the-death-of-humanity-and-the-case-for-life_932/index.html"
  },
  {
    "title": "The Bulletproof Diet: Lose up to a Pound a Day, Reclaim Energy and Focus, Upgrade Your Life",
    "price": "£49.05",
    "rating": "Three",
    "url": "http://books.toscrape.com/catalogue/page-1.html/the-bulletproof-diet-lose-up-to-a-pound-a-day-reclaim-energy-and-focus-upgrade-your-life_931/index.html"
  },
  {
    "title": "The Art Forger",
    "price": "£40.76",
    "rating": "Three",
    "url": "http://books.toscrape.com/catalogue/page-1.html/the-art-forger_930/index.html"
  },
  {
    "title": "The Age of Genius: The Seventeenth Century and the Birth of the Modern Mind",
    "price": "£19.73",
    "rating": "One",
    "url": "http://books.toscrape.com/catalogue/page-1.html/the-age-of-genius-the-seventeenth-century-and-the-birth-of-the-modern-mind_929/index.html"
  },
  {
    "title": "The Activist's Tao Te Ching: Ancient Advice for a Modern Revolution",
    "price": "£32.24",
    "rating": "Five",
    "url": "http://books.toscrape.com/catalogue/page-1.html/the-activists-tao-te-ching-ancient-advice-for-a-modern-revolution_928/index.html"
  },
  {
    "title": "Spark Joy: An Illustrated Master Class on the Art of Organizing and Tidying Up",
    "price": "£41.83",
    "rating": "Four",
    "url": "http://books.toscrape.com/catalogue/page-1.html/spark-joy-an-illustrated-master-class-on-the-art-of-organizing-and-tidying-up_927/index.html"
  },
  {
    "title": "Soul Reader",
    "price": "£39.58",
    "rating": "Two",
    "url": "http://books.toscrape.com/catalogue/page-1.html/soul-reader_926/index.html"
  },
  {
    "title": "Security",
    "price": "£39.25",
    "rating": "Two",
    "url": "http://books.toscrape.com/catalogue/page-1.html/security_925/index.html"
  },
  {
    "title": "Saga, Volume 6 (Saga (Collected Editions) #6)",
    "price": "£25.02",
    "rating": "Three",
    "url": "http://books.toscrape.com/catalogue/page-1.html/saga-volume-6-saga-collected-editions-6_924/index.html"
  },
  {
    "title": "Saga, Volume 5 (Saga (Collected Editions) #5)",
    "price": "£51.04",
    "rating": "Two",
    "url": "http://books.toscrape.com/catalogue/page-1.html/saga-volume-5-saga-collected-editions-5_923/index.html"
  },
  {
    "title": "Reskilling America: Learning to Labor in the Twenty-First Century",
    "price": "£19.83",
    "rating": "Two",
    "url": "http://books.toscrape.com/catalogue/page-1.html/reskilling-america-learning-to-labor-in-the-twenty-first-century_922/index.html"
  },
  {
    "title": "Rat Queens, Vol. 3: Demons (Rat Queens (Collected Editions) #11-15)",
    "price": "£50.40",
    "rating": "Three",
    "url": "http://books.toscrape.com/catalogue/page-1.html/rat-queens-vol-3-demons-rat-queens-collected-editions-11-15_921/index.html"
  },
  {
    "title": "Princess Jellyfish 2-in-1 Omnibus, Vol. 01 (Princess Jellyfish 2-in-1 Omnibus #1)",
    "price": "£13.61",
    "rating": "Five",
    "url": "http://books.toscrape.com/catalogue/page-1.html/princess-jellyfish-2-in-1-omnibus-vol-01-princess-jellyfish-2-in-1-omnibus-1_920/index.html"
  },
  {
    "title": "Princess Between Worlds (Wide-Awake Princess #5)",
    "price": "£13.34",
    "rating": "Five",
    "url": "http://books.toscrape.com/catalogue/page-1.html/princess-between-worlds-wide-awake-princess-5_919/index.html"
  },
  {
    "title": "Pop Gun War, Volume 1: Gift",
    "price": "£18.97",
    "rating": "One",
    "url": "http://books.toscrape.com/catalogue/page-1.html/pop-gun-war-volume-1-gift_918/index.html"
  },
  {
    "title": "Political Suicide: Missteps, Peccadilloes, Bad Calls, Backroom Hijinx, Sordid Pasts, Rotten Breaks, and Just Plain Dumb Mistakes in the Annals of American Politics",
    "price": "£36.28",
    "rating": "Two",
    "url": "http://books.toscrape.com/catalogue/page-1.html/political-suicide-missteps-peccadilloes-bad-calls-backroom-hijinx-sordid-pasts-rotten-breaks-and-just-plain-dumb-mistakes-in-the-annals-of-american-politics_917/index.html"
  },
  {
    "title": "Patience",
    "price": "£10.16",
    "rating": "Three",
    "url": "http://books.toscrape.com/catalogue/page-1.html/patience_916/index.html"
  },
  {
    "title": "Outcast, Vol. 1: A Darkness Surrounds Him (Outcast #1)",
    "price": "£15.44",
    "rating": "Four",
    "url": "http://books.toscrape.com/catalogue/page-1.html/outcast-vol-1-a-darkness-surrounds-him-outcast-1_915/index.html"
  },
  {
    "title": "orange: The Complete Collection 1 (orange: The Complete Collection #1)",
    "price": "£48.41",
    "rating": "One",
    "url": "http://books.toscrape.com/catalogue/page-1.html/orange-the-complete-collection-1-orange-the-complete-collection-1_914/index.html"
  },
  {
    "title": "Online Marketing for Busy Authors: A Step-By-Step Guide",
    "price": "£46.35",
    "rating": "One",
    "url": "http://books.toscrape.com/catalogue/page-1.html/online-marketing-for-busy-authors-a-step-by-step-guide_913/index.html"
  },
  {
    "title": "On a Midnight Clear",
    "price": "£14.07",
    "rating": "Three",
    "url": "http://books.toscrape.com/catalogue/page-1.html/on-a-midnight-clear_912/index.html"
  },
  {
    "title": "Obsidian (Lux #1)",
    "price": "£14.86",
    "rating": "Two",
    "url": "http://books.toscrape.com/catalogue/page-1.html/obsidian-lux-1_911/index.html"
  },
  {
    "title": "My Paris Kitchen: Recipes and Stories",
    "price": "£33.37",
    "rating": "Two",
    "url": "http://books.toscrape.com/catalogue/page-1.html/my-paris-kitchen-recipes-and-stories_910/index.html"
  },
  {
    "title": "Masks and Shadows",
    "price": "£56.40",
    "rating": "Two",
    "url": "http://books.toscrape.com/catalogue/page-1.html/masks-and-shadows_909/index.html"
  },
  {
    "title": "Mama Tried: Traditional Italian Cooking for the Screwed, Crude, Vegan, and Tattooed",
    "price": "£14.02",
    "rating": "Four",
    "url": "http://books.toscrape.com/catalogue/page-1.html/mama-tried-traditional-italian-cooking-for-the-screwed-crude-vegan-and-tattooed_908/index.html"
  },
  {
    "title": "Lumberjanes, Vol. 2: Friendship to the Max (Lumberjanes #5-8)",
    "price": "£46.91",
    "rating": "Two",
    "url": "http://books.toscrape.com/catalogue/page-1.html/lumberjanes-vol-2-friendship-to-the-max-lumberjanes-5-8_907/index.html"
  },
  {
    "title": "Lumberjanes, Vol. 1: Beware the Kitten Holy (Lumberjanes #1-4)",
    "price": "£45.61",
    "rating": "Three",
    "url": "http://books.toscrape.com/catalogue/page-1.html/lumberjanes-vol-1-beware-the-kitten-holy-lumberjanes-1-4_906/index.html"
  },
  {
    "title": "Lumberjanes Vol. 3: A Terrible Plan (Lumberjanes #9-12)",
    "price": "£19.92",
    "rating": "Two",
    "url": "http://books.toscrape.com/catalogue/page-1.html/lumberjanes-vol-3-a-terrible-plan-lumberjanes-9-12_905/index.html"
  },
  {
    "title": "Layered: Baking, Building, and Styling Spectacular Cakes",
    "price": "£40.11",
    "rating": "One",
    "url": "http://books.toscrape.com/catalogue/page-1.html/layered-baking-building-and-styling-spectacular-cakes_904/index.html"
  },
  {
    "title": "Judo: Seven Steps to Black Belt (an Introductory Guide for Beginners)",
    "price": "£53.90",
    "rating": "Two",
    "url": "http://books.toscrape.com/catalogue/page-1.html/judo-seven-steps-to-black-belt-an-introductory-guide-for-beginners_903/index.html"
  },
  {
    "title": "Join",
    "price": "£35.67",
    "rating": "Five",
    "url": "http://books.toscrape.com/catalogue/page-1.html/join_902/index.html"
  },
  {
    "title": "In the Country We Love: My Family Divided",
    "price": "£22.00",
    "rating": "Four",
    "url": "http://books.toscrape.com/catalogue/page-1.html/in-the-country-we-love-my-family-divided_901/index.html"
  }
]