[
  {
    "id": 27205,
    "title": "Inception",
    "overview": "Cobb, a skilled thief who commits corporate espionage by infiltrating the subconscious of his targets is offered a chance to regain his old life as payment for a task considered to be impossible: \"inception\", the implantation of another person's idea into a target's subconscious.",
    "release_date": "2010-07-15",
    "rating": 8.37,
    "genres": [
      "Action",
      "Science Fiction",
      "Adventure"
    ],
    "poster_url": "https://image.tmdb.org/t/p/w500/ljsZTbVsrQSqZgWeep2B1QiDKuh.jpg"
  },
  {
    "id": 1370380,
    "title": "Syndrome Halla, the Inception of Croatian Professional Film – Born to Die",
    "overview": "One hundred years after the invention of film, Croatian film icon Mr. Fulir, who serves as the author’s alter-ego, comes up with the Faustian idea to bring back his youth. With a group of famous actors, he enthusiastically attempts to remake lost Croatian films from the silent era.",
    "release_date": "2017-01-01",
    "rating": 0,
    "genres": [
      "Documentary",
      "Drama"
    ],
    "poster_url": "https://image.tmdb.org/t/p/w500"
  },
  {
    "id": 613092,
    "title": "The Crack: Inception",
    "overview": "Madrid, Spain, 1975; shortly after the end of the Franco dictatorship. Six months after the mysterious death of his lover, a prestigious tailor, a married woman visits the office of the young Germán Areta, a former police officer turned private detective, to request his professional services.",
    "release_date": "2019-10-04",
    "rating": 6.7,
    "genres": [
      "Drama",
      "Thriller"
    ],
    "poster_url": "https://image.tmdb.org/t/p/w500/kzgPu2CMxBr4YZZxC1Off4cUfR9.jpg"
  },
  {
    "id": 250845,
    "title": "WWA The Inception",
    "overview": "The first World Wrestling Allstars pay per view, live from Sydney, Australia! A tournament titled \"7 Deadly Sins\", each round having a stipulation match, the winner will be crowned the first ever WWA Heavyweight Champion! Wrestlers such as Jeff Jarrett, Road Dogg, Jerry Lawler all compete in the tournament, with the WWA Commissioner, Bret Hart not too far away to make sure nothing gets to far out of hand!",
    "release_date": "2001-10-26",
    "rating": 3.1,
    "genres": null,
    "poster_url": "https://image.tmdb.org/t/p/w500"
  },
  {
    "id": 1359046,
    "title": "Inception",
    "overview": "This film shows how ordinary people work to build the Erdenet factory, and how the finished product becomes the result of collective labor, and tells about the friendship of workers from Mongolia.",
    "release_date": "1980-01-23",
    "rating": 0,
    "genres": [
      "Drama"
    ],
    "poster_url": "https://image.tmdb.org/t/p/w500"
  },
  {
    "id": 350632,
    "title": "The Inception of Dramatic Representation",
    "overview": "On certain Adavus: the basic steps in Bharatanatyam. The first part covers Tatta Adavu, Natta Adavu, Visharu Adavu , Tatti Metti Adavu and Teermanam Adavu.",
    "release_date": "",
    "rating": 5.8,
    "genres": null,
    "poster_url": "https://image.tmdb.org/t/p/w500"
  },
  {
    "id": 1524492,
    "title": "The Inception of Seeking",
    "overview": "After losing loved ones in a disaster, Xingru clashes with her practical brother. When she secretly brings home a mysterious cat, tensions erupt. Facing another looming disaster, Xingru chooses freedom, following the cat to a moonlit forest where she finds peace amid chaos.",
    "release_date": "2025-05-17",
    "rating": 0,
    "genres": [
      "Drama"
    ],
    "poster_url": "https://image.tmdb.org/t/p/w500"
  },
  {
    "id": 542438,
    "title": "Bikini Inception",
    "overview": "Two flunky Janitors in an Arctic Lab perform unauthorized experiments transporting them to a beach dream world in Malibu California w/50 beautiful young girls and a female Brazilian PhD Student wearing only a bra and panties. A '67 Muscle car races chases horses guns fights surfing, sumo wrestler, wolf monster, underwater scenes tons of gorgeous models. Sexy sci-fi fun.",
    "release_date": "2015-05-19",
    "rating": 4,
    "genres": [
      "Comedy"
    ],
    "poster_url": "https://image.tmdb.org/t/p/w500/mNASlEOFX2c9upxaSbgeKFvIr1L.jpg"
  },
  {
    "id": 64956,
    "title": "Inception: The Cobol Job",
    "overview": "This \"Inception\" prequel unfolds courtesy of a beautiful Motion Comic, and explains how Cobb, Arthur and Nash were enlisted by Cobol Engineering.",
    "release_date": "2010-12-07",
    "rating": 7.264,
    "genres": [
      "Animation",
      "Action",
      "Thriller",
      "Science Fiction"
    ],
    "poster_url": "https://image.tmdb.org/t/p/w500/sNxqwtyHMNQwKWoFYDqcYTui5Ok.jpg"
  },
  {
    "id": 973484,
    "title": "Inception: Music from the Motion Picture",
    "overview": "The Special Features Blu-ray disc contains a lossless DTS-HD MA 5.1 surround mix of the Inception soundtrack.",
    "release_date": "2010-12-07",
    "rating": 6,
    "genres": [
      "Music"
    ],
    "poster_url": "https://image.tmdb.org/t/p/w500/7uM4DyRVAcgagvhZoWrkrqMPbqV.jpg"
  }
]